ITM,DES,TYPE,FAM
ITEM_1,DESCRIPTION_1,2,PRODUCT_FAMILY_4
ITEM_1,DESCRIPTION_2,1,PRODUCT_FAMILY_1
ITEM_3,DESCRIPTION_3,1,PRODUCT_FAMILY_6
ITEM_4,DESCRIPTION_4,0,PRODUCT_FAMILY_6
ITEM_5,DESCRIPTION_5,5,PRODUCT_FAMILY_1
ITEM_6,DESCRIPTION_6,4,PRODUCT_FAMILY_5
ITEM_7,DESCRIPTION_7,1,PRODUCT_FAMILY_3
ITEM_8,DESCRIPTION_8,5,PRODUCT_FAMILY_1
ITEM_9,DESCRIPTION_9,2,PRODUCT_FAMILY_1
ITEM_10,DESCRIPTION_10,4,PRODUCT_FAMILY_3
ITEM_11,DESCRIPTION_11,4,PRODUCT_FAMILY_2
ITEM_12,DESCRIPTION_12,2,PRODUCT_FAMILY_2
ITEM_13,DESCRIPTION_13,5,PRODUCT_FAMILY_3
ITEM_14,DESCRIPTION_14,3,PRODUCT_FAMILY_6
ITEM_15,DESCRIPTION_15,0,PRODUCT_FAMILY_6
ITEM_16,DESCRIPTION_16,4,PRODUCT_FAMILY_6
ITEM_17,DESCRIPTION_17,4,PRODUCT_FAMILY_3
ITEM_18,DESCRIPTION_18,2,PRODUCT_FAMILY_6
ITEM_19,DESCRIPTION_19,4,PRODUCT_FAMILY_4
ITEM_20,DESCRIPTION_20,5,PRODUCT_FAMILY_2
ITEM_21,DESCRIPTION_21,2,PRODUCT_FAMILY_1
ITEM_22,DESCRIPTION_22,5,PRODUCT_FAMILY_2
ITEM_23,DESCRIPTION_23,5,PRODUCT_FAMILY_6
ITEM_24,DESCRIPTION_24,3,PRODUCT_FAMILY_1
ITEM_25,DESCRIPTION_25,1,PRODUCT_FAMILY_4
ITEM_26,DESCRIPTION_26,0,PRODUCT_FAMILY_2
ITEM_27,DESCRIPTION_27,2,PRODUCT_FAMILY_1
ITEM_28,DESCRIPTION_28,0,PRODUCT_FAMILY_1
ITEM_29,DESCRIPTION_29,0,PRODUCT_FAMILY_3
ITEM_30,DESCRIPTION_30,2,PRODUCT_FAMILY_4
ITEM_31,DESCRIPTION_31,1,PRODUCT_FAMILY_5
ITEM_32,DESCRIPTION_32,2,PRODUCT_FAMILY_2
ITEM_33,DESCRIPTION_33,4,PRODUCT_FAMILY_3
ITEM_34,DESCRIPTION_34,3,PRODUCT_FAMILY_6
ITEM_35,DESCRIPTION_35,0,PRODUCT_FAMILY_4
ITEM_36,DESCRIPTION_36,2,PRODUCT_FAMILY_4
ITEM_37,DESCRIPTION_37,4,PRODUCT_FAMILY_6
ITEM_38,DESCRIPTION_38,1,PRODUCT_FAMILY_2
ITEM_39,DESCRIPTION_39,0,PRODUCT_FAMILY_3
ITEM_40,DESCRIPTION_40,1,PRODUCT_FAMILY_2
ITEM_41,DESCRIPTION_41,0,PRODUCT_FAMILY_1
ITEM_42,DESCRIPTION_42,0,PRODUCT_FAMILY_1
ITEM_43,DESCRIPTION_43,1,PRODUCT_FAMILY_5
ITEM_44,DESCRIPTION_44,3,PRODUCT_FAMILY_4
ITEM_45,DESCRIPTION_45,5,PRODUCT_FAMILY_1
ITEM_46,DESCRIPTION_46,4,PRODUCT_FAMILY_5
ITEM_47,DESCRIPTION_47,5,PRODUCT_FAMILY_6
ITEM_48,DESCRIPTION_48,3,PRODUCT_FAMILY_2
ITEM_49,DESCRIPTION_49,4,PRODUCT_FAMILY_4
ITEM_50,DESCRIPTION_50,4,PRODUCT_FAMILY_3
ITEM_51,DESCRIPTION_51,2,PRODUCT_FAMILY_4
ITEM_52,DESCRIPTION_52,5,PRODUCT_FAMILY_2
ITEM_53,DESCRIPTION_53,5,PRODUCT_FAMILY_3
ITEM_54,DESCRIPTION_54,2,PRODUCT_FAMILY_4
ITEM_55,DESCRIPTION_55,0,PRODUCT_FAMILY_4
ITEM_56,DESCRIPTION_56,4,PRODUCT_FAMILY_3
ITEM_57,DESCRIPTION_57,4,PRODUCT_FAMILY_2
ITEM_58,DESCRIPTION_58,2,PRODUCT_FAMILY_1
ITEM_59,DESCRIPTION_59,5,PRODUCT_FAMILY_4
ITEM_60,DESCRIPTION_60,3,PRODUCT_FAMILY_1
ITEM_61,DESCRIPTION_61,5,PRODUCT_FAMILY_4
ITEM_62,DESCRIPTION_62,5,PRODUCT_FAMILY_1
ITEM_63,DESCRIPTION_63,5,PRODUCT_FAMILY_6
ITEM_64,DESCRIPTION_64,2,PRODUCT_FAMILY_2
ITEM_65,DESCRIPTION_65,2,PRODUCT_FAMILY_1
ITEM_66,DESCRIPTION_66,1,PRODUCT_FAMILY_5
ITEM_67,DESCRIPTION_67,5,PRODUCT_FAMILY_1
ITEM_68,DESCRIPTION_68,1,PRODUCT_FAMILY_1
ITEM_69,DESCRIPTION_69,0,PRODUCT_FAMILY_5
ITEM_70,DESCRIPTION_70,3,PRODUCT_FAMILY_1
ITEM_71,DESCRIPTION_71,0,PRODUCT_FAMILY_5
ITEM_72,DESCRIPTION_72,0,PRODUCT_FAMILY_5
ITEM_73,DESCRIPTION_73,5,PRODUCT_FAMILY_2
ITEM_74,DESCRIPTION_74,3,PRODUCT_FAMILY_6
ITEM_75,DESCRIPTION_75,0,PRODUCT_FAMILY_1
ITEM_76,DESCRIPTION_76,2,PRODUCT_FAMILY_2
ITEM_77,DESCRIPTION_77,4,PRODUCT_FAMILY_5
ITEM_78,DESCRIPTION_78,5,PRODUCT_FAMILY_2
ITEM_79,DESCRIPTION_79,1,PRODUCT_FAMILY_1
ITEM_80,DESCRIPTION_80,4,PRODUCT_FAMILY_5
ITEM_81,DESCRIPTION_81,2,PRODUCT_FAMILY_2
ITEM_82,DESCRIPTION_82,3,PRODUCT_FAMILY_3
ITEM_83,DESCRIPTION_83,4,PRODUCT_FAMILY_4
ITEM_84,DESCRIPTION_84,1,PRODUCT_FAMILY_4
ITEM_85,DESCRIPTION_85,4,PRODUCT_FAMILY_5
ITEM_86,DESCRIPTION_86,4,PRODUCT_FAMILY_4
ITEM_87,DESCRIPTION_87,1,PRODUCT_FAMILY_6
ITEM_88,DESCRIPTION_88,5,PRODUCT_FAMILY_6
ITEM_89,DESCRIPTION_89,0,PRODUCT_FAMILY_6
ITEM_90,DESCRIPTION_90,5,PRODUCT_FAMILY_1
ITEM_91,DESCRIPTION_91,5,PRODUCT_FAMILY_6
ITEM_92,DESCRIPTION_92,2,PRODUCT_FAMILY_6
ITEM_93,DESCRIPTION_93,2,PRODUCT_FAMILY_3
ITEM_94,DESCRIPTION_94,5,PRODUCT_FAMILY_4
ITEM_95,DESCRIPTION_95,0,PRODUCT_FAMILY_6
ITEM_96,DESCRIPTION_96,1,PRODUCT_FAMILY_2
ITEM_97,DESCRIPTION_97,3,PRODUCT_FAMILY_1
ITEM_98,DESCRIPTION_98,5,PRODUCT_FAMILY_4
ITEM_99,DESCRIPTION_99,3,PRODUCT_FAMILY_2
ITEM_100,DESCRIPTION_100,4,PRODUCT_FAMILY_2
ITEM_101,DESCRIPTION_101,2,PRODUCT_FAMILY_1
ITEM_102,DESCRIPTION_102,2,PRODUCT_FAMILY_3
ITEM_103,DESCRIPTION_103,3,PRODUCT_FAMILY_5
ITEM_104,DESCRIPTION_104,1,PRODUCT_FAMILY_4
ITEM_105,DESCRIPTION_105,1,PRODUCT_FAMILY_3
ITEM_106,DESCRIPTION_106,2,PRODUCT_FAMILY_6
ITEM_107,DESCRIPTION_107,1,PRODUCT_FAMILY_6
ITEM_108,DESCRIPTION_108,2,PRODUCT_FAMILY_1
ITEM_109,DESCRIPTION_109,0,PRODUCT_FAMILY_3
ITEM_110,DESCRIPTION_110,5,PRODUCT_FAMILY_3
ITEM_111,DESCRIPTION_111,1,PRODUCT_FAMILY_5
ITEM_112,DESCRIPTION_112,5,PRODUCT_FAMILY_5
ITEM_113,DESCRIPTION_113,0,PRODUCT_FAMILY_3
ITEM_114,DESCRIPTION_114,0,PRODUCT_FAMILY_2
ITEM_115,DESCRIPTION_115,3,PRODUCT_FAMILY_4
ITEM_116,DESCRIPTION_116,1,PRODUCT_FAMILY_4
ITEM_117,DESCRIPTION_117,3,PRODUCT_FAMILY_3
ITEM_118,DESCRIPTION_118,4,PRODUCT_FAMILY_3
ITEM_119,DESCRIPTION_119,2,PRODUCT_FAMILY_1
ITEM_120,DESCRIPTION_120,2,PRODUCT_FAMILY_1
ITEM_121,DESCRIPTION_121,0,PRODUCT_FAMILY_4
ITEM_122,DESCRIPTION_122,4,PRODUCT_FAMILY_6
ITEM_123,DESCRIPTION_123,0,PRODUCT_FAMILY_1
ITEM_124,DESCRIPTION_124,1,PRODUCT_FAMILY_5
ITEM_125,DESCRIPTION_125,0,PRODUCT_FAMILY_1
ITEM_126,DESCRIPTION_126,4,PRODUCT_FAMILY_4
ITEM_127,DESCRIPTION_127,2,PRODUCT_FAMILY_1
ITEM_128,DESCRIPTION_128,5,PRODUCT_FAMILY_2
ITEM_129,DESCRIPTION_129,5,PRODUCT_FAMILY_4
ITEM_130,DESCRIPTION_130,0,PRODUCT_FAMILY_4
ITEM_131,DESCRIPTION_131,2,PRODUCT_FAMILY_2
ITEM_132,DESCRIPTION_132,2,PRODUCT_FAMILY_5
ITEM_133,DESCRIPTION_133,2,PRODUCT_FAMILY_5
ITEM_134,DESCRIPTION_134,4,PRODUCT_FAMILY_3
ITEM_135,DESCRIPTION_135,3,PRODUCT_FAMILY_4
ITEM_136,DESCRIPTION_136,4,PRODUCT_FAMILY_3
ITEM_137,DESCRIPTION_137,4,PRODUCT_FAMILY_6
ITEM_138,DESCRIPTION_138,1,PRODUCT_FAMILY_3
ITEM_139,DESCRIPTION_139,2,PRODUCT_FAMILY_2
ITEM_140,DESCRIPTION_140,1,PRODUCT_FAMILY_2
ITEM_141,DESCRIPTION_141,3,PRODUCT_FAMILY_2
ITEM_142,DESCRIPTION_142,3,PRODUCT_FAMILY_3
ITEM_143,DESCRIPTION_143,5,PRODUCT_FAMILY_4
ITEM_144,DESCRIPTION_144,0,PRODUCT_FAMILY_3
ITEM_145,DESCRIPTION_145,5,PRODUCT_FAMILY_4
ITEM_146,DESCRIPTION_146,4,PRODUCT_FAMILY_3
ITEM_147,DESCRIPTION_147,2,PRODUCT_FAMILY_2
ITEM_148,DESCRIPTION_148,5,PRODUCT_FAMILY_1
ITEM_149,DESCRIPTION_149,4,PRODUCT_FAMILY_2
ITEM_150,DESCRIPTION_150,3,PRODUCT_FAMILY_5
ITEM_151,DESCRIPTION_151,4,PRODUCT_FAMILY_6
ITEM_152,DESCRIPTION_152,3,PRODUCT_FAMILY_1
ITEM_153,DESCRIPTION_153,2,PRODUCT_FAMILY_3
ITEM_154,DESCRIPTION_154,4,PRODUCT_FAMILY_6
ITEM_155,DESCRIPTION_155,5,PRODUCT_FAMILY_2
ITEM_156,DESCRIPTION_156,2,PRODUCT_FAMILY_5
ITEM_157,DESCRIPTION_157,5,PRODUCT_FAMILY_6
ITEM_158,DESCRIPTION_158,2,PRODUCT_FAMILY_6
ITEM_159,DESCRIPTION_159,1,PRODUCT_FAMILY_5
ITEM_160,DESCRIPTION_160,3,PRODUCT_FAMILY_2
ITEM_161,DESCRIPTION_161,4,PRODUCT_FAMILY_1
ITEM_162,DESCRIPTION_162,0,PRODUCT_FAMILY_2
ITEM_163,DESCRIPTION_163,5,PRODUCT_FAMILY_5
ITEM_164,DESCRIPTION_164,1,PRODUCT_FAMILY_3
ITEM_165,DESCRIPTION_165,2,PRODUCT_FAMILY_3
ITEM_166,DESCRIPTION_166,3,PRODUCT_FAMILY_5
ITEM_167,DESCRIPTION_167,0,PRODUCT_FAMILY_6
ITEM_168,DESCRIPTION_168,1,PRODUCT_FAMILY_3
ITEM_169,DESCRIPTION_169,0,PRODUCT_FAMILY_1
ITEM_170,DESCRIPTION_170,1,PRODUCT_FAMILY_6
ITEM_171,DESCRIPTION_171,3,PRODUCT_FAMILY_4
ITEM_172,DESCRIPTION_172,4,PRODUCT_FAMILY_5
ITEM_173,DESCRIPTION_173,0,PRODUCT_FAMILY_1
ITEM_174,DESCRIPTION_174,1,PRODUCT_FAMILY_6
ITEM_175,DESCRIPTION_175,4,PRODUCT_FAMILY_5
ITEM_176,DESCRIPTION_176,2,PRODUCT_FAMILY_2
ITEM_177,DESCRIPTION_177,3,PRODUCT_FAMILY_1
ITEM_178,DESCRIPTION_178,2,PRODUCT_FAMILY_2
ITEM_179,DESCRIPTION_179,5,PRODUCT_FAMILY_5
ITEM_180,DESCRIPTION_180,3,PRODUCT_FAMILY_3
ITEM_181,DESCRIPTION_181,1,PRODUCT_FAMILY_6
ITEM_182,DESCRIPTION_182,0,PRODUCT_FAMILY_2
ITEM_183,DESCRIPTION_183,2,PRODUCT_FAMILY_1
ITEM_184,DESCRIPTION_184,0,PRODUCT_FAMILY_3
ITEM_185,DESCRIPTION_185,0,PRODUCT_FAMILY_2
ITEM_186,DESCRIPTION_186,1,PRODUCT_FAMILY_1
ITEM_187,DESCRIPTION_187,0,PRODUCT_FAMILY_4
ITEM_188,DESCRIPTION_188,5,PRODUCT_FAMILY_5
ITEM_189,DESCRIPTION_189,0,PRODUCT_FAMILY_3
ITEM_190,DESCRIPTION_190,1,PRODUCT_FAMILY_3
ITEM_191,DESCRIPTION_191,4,PRODUCT_FAMILY_1
ITEM_192,DESCRIPTION_192,1,PRODUCT_FAMILY_6
ITEM_193,DESCRIPTION_193,1,PRODUCT_FAMILY_5
ITEM_194,DESCRIPTION_194,5,PRODUCT_FAMILY_1
ITEM_195,DESCRIPTION_195,5,PRODUCT_FAMILY_3
ITEM_196,DESCRIPTION_196,2,PRODUCT_FAMILY_5
ITEM_197,DESCRIPTION_197,5,PRODUCT_FAMILY_5
ITEM_198,DESCRIPTION_198,3,PRODUCT_FAMILY_5
ITEM_199,DESCRIPTION_199,3,PRODUCT_FAMILY_4
ITEM_200,DESCRIPTION_200,3,PRODUCT_FAMILY_3
ITEM_201,DESCRIPTION_201,1,PRODUCT_FAMILY_6
ITEM_202,DESCRIPTION_202,3,PRODUCT_FAMILY_3
ITEM_203,DESCRIPTION_203,1,PRODUCT_FAMILY_3
ITEM_204,DESCRIPTION_204,1,PRODUCT_FAMILY_5
ITEM_205,DESCRIPTION_205,3,PRODUCT_FAMILY_4
ITEM_206,DESCRIPTION_206,0,PRODUCT_FAMILY_2
ITEM_207,DESCRIPTION_207,1,PRODUCT_FAMILY_5
ITEM_208,DESCRIPTION_208,5,PRODUCT_FAMILY_1
ITEM_209,DESCRIPTION_209,1,PRODUCT_FAMILY_1
ITEM_210,DESCRIPTION_210,0,PRODUCT_FAMILY_3
ITEM_211,DESCRIPTION_211,1,PRODUCT_FAMILY_4
ITEM_212,DESCRIPTION_212,2,PRODUCT_FAMILY_6
ITEM_213,DESCRIPTION_213,3,PRODUCT_FAMILY_1
ITEM_214,DESCRIPTION_214,4,PRODUCT_FAMILY_6
ITEM_215,DESCRIPTION_215,1,PRODUCT_FAMILY_2
ITEM_216,DESCRIPTION_216,1,PRODUCT_FAMILY_4
ITEM_217,DESCRIPTION_217,4,PRODUCT_FAMILY_2
ITEM_218,DESCRIPTION_218,5,PRODUCT_FAMILY_3
ITEM_219,DESCRIPTION_219,0,PRODUCT_FAMILY_3
ITEM_220,DESCRIPTION_220,2,PRODUCT_FAMILY_2
ITEM_221,DESCRIPTION_221,1,PRODUCT_FAMILY_5
ITEM_222,DESCRIPTION_222,2,PRODUCT_FAMILY_3
ITEM_223,DESCRIPTION_223,1,PRODUCT_FAMILY_1
ITEM_224,DESCRIPTION_224,0,PRODUCT_FAMILY_6
ITEM_225,DESCRIPTION_225,0,PRODUCT_FAMILY_2
ITEM_226,DESCRIPTION_226,2,PRODUCT_FAMILY_6
ITEM_227,DESCRIPTION_227,5,PRODUCT_FAMILY_6
ITEM_228,DESCRIPTION_228,4,PRODUCT_FAMILY_6
ITEM_229,DESCRIPTION_229,0,PRODUCT_FAMILY_6
ITEM_230,DESCRIPTION_230,0,PRODUCT_FAMILY_3
ITEM_231,DESCRIPTION_231,3,PRODUCT_FAMILY_1
ITEM_232,DESCRIPTION_232,5,PRODUCT_FAMILY_4
ITEM_233,DESCRIPTION_233,1,PRODUCT_FAMILY_2
ITEM_234,DESCRIPTION_234,5,PRODUCT_FAMILY_3
ITEM_235,DESCRIPTION_235,0,PRODUCT_FAMILY_2
ITEM_236,DESCRIPTION_236,3,PRODUCT_FAMILY_1
ITEM_237,DESCRIPTION_237,3,PRODUCT_FAMILY_3
ITEM_238,DESCRIPTION_238,1,PRODUCT_FAMILY_2
ITEM_239,DESCRIPTION_239,3,PRODUCT_FAMILY_2
ITEM_240,DESCRIPTION_240,4,PRODUCT_FAMILY_3
ITEM_241,DESCRIPTION_241,4,PRODUCT_FAMILY_6
ITEM_242,DESCRIPTION_242,1,PRODUCT_FAMILY_4
ITEM_243,DESCRIPTION_243,2,PRODUCT_FAMILY_1
ITEM_244,DESCRIPTION_244,3,PRODUCT_FAMILY_6
ITEM_245,DESCRIPTION_245,0,PRODUCT_FAMILY_2
ITEM_246,DESCRIPTION_246,1,PRODUCT_FAMILY_3
ITEM_247,DESCRIPTION_247,4,PRODUCT_FAMILY_2
ITEM_248,DESCRIPTION_248,2,PRODUCT_FAMILY_1
ITEM_249,DESCRIPTION_249,0,PRODUCT_FAMILY_1
ITEM_250,DESCRIPTION_250,0,PRODUCT_FAMILY_2
ITEM_251,DESCRIPTION_251,5,PRODUCT_FAMILY_5
ITEM_252,DESCRIPTION_252,1,PRODUCT_FAMILY_2
ITEM_253,DESCRIPTION_253,3,PRODUCT_FAMILY_5
ITEM_254,DESCRIPTION_254,2,PRODUCT_FAMILY_1
ITEM_255,DESCRIPTION_255,4,PRODUCT_FAMILY_4
ITEM_256,DESCRIPTION_256,1,PRODUCT_FAMILY_4
ITEM_257,DESCRIPTION_257,0,PRODUCT_FAMILY_1
ITEM_258,DESCRIPTION_258,4,PRODUCT_FAMILY_6
ITEM_259,DESCRIPTION_259,3,PRODUCT_FAMILY_2
ITEM_260,DESCRIPTION_260,3,PRODUCT_FAMILY_2
ITEM_261,DESCRIPTION_261,0,PRODUCT_FAMILY_3
ITEM_262,DESCRIPTION_262,4,PRODUCT_FAMILY_3
ITEM_263,DESCRIPTION_263,5,PRODUCT_FAMILY_3
ITEM_264,DESCRIPTION_264,5,PRODUCT_FAMILY_2
ITEM_265,DESCRIPTION_265,5,PRODUCT_FAMILY_6
ITEM_266,DESCRIPTION_266,5,PRODUCT_FAMILY_2
ITEM_267,DESCRIPTION_267,1,PRODUCT_FAMILY_6
ITEM_268,DESCRIPTION_268,4,PRODUCT_FAMILY_5
ITEM_269,DESCRIPTION_269,0,PRODUCT_FAMILY_2
ITEM_270,DESCRIPTION_270,2,PRODUCT_FAMILY_3
ITEM_271,DESCRIPTION_271,0,PRODUCT_FAMILY_2
ITEM_272,DESCRIPTION_272,2,PRODUCT_FAMILY_3
ITEM_273,DESCRIPTION_273,2,PRODUCT_FAMILY_6
ITEM_274,DESCRIPTION_274,1,PRODUCT_FAMILY_2
ITEM_275,DESCRIPTION_275,3,PRODUCT_FAMILY_1
ITEM_276,DESCRIPTION_276,2,PRODUCT_FAMILY_6
ITEM_277,DESCRIPTION_277,2,PRODUCT_FAMILY_1
ITEM_278,DESCRIPTION_278,5,PRODUCT_FAMILY_6
ITEM_279,DESCRIPTION_279,0,PRODUCT_FAMILY_1
ITEM_280,DESCRIPTION_280,4,PRODUCT_FAMILY_6
ITEM_281,DESCRIPTION_281,0,PRODUCT_FAMILY_6
ITEM_282,DESCRIPTION_282,5,PRODUCT_FAMILY_2
ITEM_283,DESCRIPTION_283,3,PRODUCT_FAMILY_6
ITEM_284,DESCRIPTION_284,2,PRODUCT_FAMILY_2
ITEM_285,DESCRIPTION_285,5,PRODUCT_FAMILY_4
ITEM_286,DESCRIPTION_286,5,PRODUCT_FAMILY_3
ITEM_287,DESCRIPTION_287,5,PRODUCT_FAMILY_5
ITEM_288,DESCRIPTION_288,3,PRODUCT_FAMILY_1
ITEM_289,DESCRIPTION_289,4,PRODUCT_FAMILY_6
ITEM_290,DESCRIPTION_290,1,PRODUCT_FAMILY_6
ITEM_291,DESCRIPTION_291,4,PRODUCT_FAMILY_1
ITEM_292,DESCRIPTION_292,1,PRODUCT_FAMILY_6
ITEM_293,DESCRIPTION_293,1,PRODUCT_FAMILY_2
ITEM_294,DESCRIPTION_294,1,PRODUCT_FAMILY_6
ITEM_295,DESCRIPTION_295,2,PRODUCT_FAMILY_4
ITEM_296,DESCRIPTION_296,3,PRODUCT_FAMILY_6
ITEM_297,DESCRIPTION_297,2,PRODUCT_FAMILY_5
ITEM_298,DESCRIPTION_298,1,PRODUCT_FAMILY_5
ITEM_299,DESCRIPTION_299,2,PRODUCT_FAMILY_5
ITEM_300,DESCRIPTION_300,5,PRODUCT_FAMILY_5
ITEM_301,DESCRIPTION_301,3,PRODUCT_FAMILY_5
ITEM_302,DESCRIPTION_302,5,PRODUCT_FAMILY_4
ITEM_303,DESCRIPTION_303,1,PRODUCT_FAMILY_1
ITEM_304,DESCRIPTION_304,5,PRODUCT_FAMILY_3
ITEM_305,DESCRIPTION_305,3,PRODUCT_FAMILY_6
ITEM_306,DESCRIPTION_306,5,PRODUCT_FAMILY_2
ITEM_307,DESCRIPTION_307,3,PRODUCT_FAMILY_2
ITEM_308,DESCRIPTION_308,5,PRODUCT_FAMILY_1
ITEM_309,DESCRIPTION_309,4,PRODUCT_FAMILY_4
ITEM_310,DESCRIPTION_310,5,PRODUCT_FAMILY_1
ITEM_311,DESCRIPTION_311,3,PRODUCT_FAMILY_1
ITEM_312,DESCRIPTION_312,5,PRODUCT_FAMILY_3
ITEM_313,DESCRIPTION_313,3,PRODUCT_FAMILY_1
ITEM_314,DESCRIPTION_314,2,PRODUCT_FAMILY_2
ITEM_315,DESCRIPTION_315,2,PRODUCT_FAMILY_5
ITEM_316,DESCRIPTION_316,2,PRODUCT_FAMILY_6
ITEM_317,DESCRIPTION_317,5,PRODUCT_FAMILY_4
ITEM_318,DESCRIPTION_318,0,PRODUCT_FAMILY_3
ITEM_319,DESCRIPTION_319,0,PRODUCT_FAMILY_4
ITEM_320,DESCRIPTION_320,4,PRODUCT_FAMILY_2
ITEM_321,DESCRIPTION_321,2,PRODUCT_FAMILY_1
ITEM_322,DESCRIPTION_322,1,PRODUCT_FAMILY_3
ITEM_323,DESCRIPTION_323,1,PRODUCT_FAMILY_3
ITEM_324,DESCRIPTION_324,3,PRODUCT_FAMILY_4
ITEM_325,DESCRIPTION_325,4,PRODUCT_FAMILY_6
ITEM_326,DESCRIPTION_326,3,PRODUCT_FAMILY_1
ITEM_327,DESCRIPTION_327,1,PRODUCT_FAMILY_5
ITEM_328,DESCRIPTION_328,3,PRODUCT_FAMILY_6
ITEM_329,DESCRIPTION_329,4,PRODUCT_FAMILY_5
ITEM_330,DESCRIPTION_330,3,PRODUCT_FAMILY_6
ITEM_331,DESCRIPTION_331,5,PRODUCT_FAMILY_5
ITEM_332,DESCRIPTION_332,1,PRODUCT_FAMILY_3
ITEM_333,DESCRIPTION_333,0,PRODUCT_FAMILY_3
ITEM_334,DESCRIPTION_334,1,PRODUCT_FAMILY_6
ITEM_335,DESCRIPTION_335,4,PRODUCT_FAMILY_1
ITEM_336,DESCRIPTION_336,0,PRODUCT_FAMILY_4
ITEM_337,DESCRIPTION_337,2,PRODUCT_FAMILY_1
ITEM_338,DESCRIPTION_338,2,PRODUCT_FAMILY_5
ITEM_339,DESCRIPTION_339,1,PRODUCT_FAMILY_6
ITEM_340,DESCRIPTION_340,5,PRODUCT_FAMILY_4
ITEM_341,DESCRIPTION_341,4,PRODUCT_FAMILY_2
ITEM_342,DESCRIPTION_342,4,PRODUCT_FAMILY_3
ITEM_343,DESCRIPTION_343,1,PRODUCT_FAMILY_3
ITEM_344,DESCRIPTION_344,0,PRODUCT_FAMILY_5
ITEM_345,DESCRIPTION_345,0,PRODUCT_FAMILY_5
ITEM_346,DESCRIPTION_346,1,PRODUCT_FAMILY_1
ITEM_347,DESCRIPTION_347,3,PRODUCT_FAMILY_3
ITEM_348,DESCRIPTION_348,4,PRODUCT_FAMILY_6
ITEM_349,DESCRIPTION_349,0,PRODUCT_FAMILY_2
ITEM_350,DESCRIPTION_350,2,PRODUCT_FAMILY_5
ITEM_351,DESCRIPTION_351,5,PRODUCT_FAMILY_1
ITEM_352,DESCRIPTION_352,4,PRODUCT_FAMILY_2
ITEM_353,DESCRIPTION_353,3,PRODUCT_FAMILY_5
ITEM_354,DESCRIPTION_354,2,PRODUCT_FAMILY_5
ITEM_355,DESCRIPTION_355,4,PRODUCT_FAMILY_2
ITEM_356,DESCRIPTION_356,3,PRODUCT_FAMILY_6
ITEM_357,DESCRIPTION_357,0,PRODUCT_FAMILY_3
ITEM_358,DESCRIPTION_358,3,PRODUCT_FAMILY_3
ITEM_359,DESCRIPTION_359,3,PRODUCT_FAMILY_5
ITEM_360,DESCRIPTION_360,1,PRODUCT_FAMILY_1
ITEM_361,DESCRIPTION_361,0,PRODUCT_FAMILY_1
ITEM_362,DESCRIPTION_362,0,PRODUCT_FAMILY_3
ITEM_363,DESCRIPTION_363,2,PRODUCT_FAMILY_5
ITEM_364,DESCRIPTION_364,0,PRODUCT_FAMILY_3
ITEM_365,DESCRIPTION_365,5,PRODUCT_FAMILY_4
ITEM_366,DESCRIPTION_366,0,PRODUCT_FAMILY_5
ITEM_367,DESCRIPTION_367,5,PRODUCT_FAMILY_4
ITEM_368,DESCRIPTION_368,3,PRODUCT_FAMILY_3
ITEM_369,DESCRIPTION_369,3,PRODUCT_FAMILY_5
ITEM_370,DESCRIPTION_370,5,PRODUCT_FAMILY_5
ITEM_371,DESCRIPTION_371,5,PRODUCT_FAMILY_3
ITEM_372,DESCRIPTION_372,1,PRODUCT_FAMILY_1
ITEM_373,DESCRIPTION_373,1,PRODUCT_FAMILY_1
ITEM_374,DESCRIPTION_374,0,PRODUCT_FAMILY_2
ITEM_375,DESCRIPTION_375,4,PRODUCT_FAMILY_1
ITEM_376,DESCRIPTION_376,0,PRODUCT_FAMILY_3
ITEM_377,DESCRIPTION_377,0,PRODUCT_FAMILY_1
ITEM_378,DESCRIPTION_378,2,PRODUCT_FAMILY_5
ITEM_379,DESCRIPTION_379,0,PRODUCT_FAMILY_4
ITEM_380,DESCRIPTION_380,1,PRODUCT_FAMILY_2
ITEM_381,DESCRIPTION_381,0,PRODUCT_FAMILY_5
ITEM_382,DESCRIPTION_382,0,PRODUCT_FAMILY_2
ITEM_383,DESCRIPTION_383,2,PRODUCT_FAMILY_2
ITEM_384,DESCRIPTION_384,3,PRODUCT_FAMILY_5
ITEM_385,DESCRIPTION_385,3,PRODUCT_FAMILY_6
ITEM_386,DESCRIPTION_386,5,PRODUCT_FAMILY_3
ITEM_387,DESCRIPTION_387,1,PRODUCT_FAMILY_4
ITEM_388,DESCRIPTION_388,2,PRODUCT_FAMILY_6
ITEM_389,DESCRIPTION_389,1,PRODUCT_FAMILY_6
ITEM_390,DESCRIPTION_390,5,PRODUCT_FAMILY_6
ITEM_391,DESCRIPTION_391,1,PRODUCT_FAMILY_4
ITEM_392,DESCRIPTION_392,0,PRODUCT_FAMILY_3
ITEM_393,DESCRIPTION_393,0,PRODUCT_FAMILY_6
ITEM_394,DESCRIPTION_394,0,PRODUCT_FAMILY_3
ITEM_395,DESCRIPTION_395,0,PRODUCT_FAMILY_1
ITEM_396,DESCRIPTION_396,5,PRODUCT_FAMILY_2
ITEM_397,DESCRIPTION_397,5,PRODUCT_FAMILY_4
ITEM_398,DESCRIPTION_398,4,PRODUCT_FAMILY_5
ITEM_399,DESCRIPTION_399,1,PRODUCT_FAMILY_3
ITEM_400,DESCRIPTION_400,0,PRODUCT_FAMILY_6
ITEM_401,DESCRIPTION_401,3,PRODUCT_FAMILY_2
ITEM_402,DESCRIPTION_402,3,PRODUCT_FAMILY_3
ITEM_403,DESCRIPTION_403,3,PRODUCT_FAMILY_1
ITEM_404,DESCRIPTION_404,2,PRODUCT_FAMILY_5
ITEM_405,DESCRIPTION_405,3,PRODUCT_FAMILY_1
ITEM_406,DESCRIPTION_406,1,PRODUCT_FAMILY_6
ITEM_407,DESCRIPTION_407,1,PRODUCT_FAMILY_1
ITEM_408,DESCRIPTION_408,2,PRODUCT_FAMILY_2
ITEM_409,DESCRIPTION_409,4,PRODUCT_FAMILY_2
ITEM_410,DESCRIPTION_410,0,PRODUCT_FAMILY_6
ITEM_411,DESCRIPTION_411,4,PRODUCT_FAMILY_4
ITEM_412,DESCRIPTION_412,2,PRODUCT_FAMILY_1
ITEM_413,DESCRIPTION_413,2,PRODUCT_FAMILY_3
ITEM_414,DESCRIPTION_414,2,PRODUCT_FAMILY_2
ITEM_415,DESCRIPTION_415,4,PRODUCT_FAMILY_2
ITEM_416,DESCRIPTION_416,1,PRODUCT_FAMILY_5
ITEM_417,DESCRIPTION_417,0,PRODUCT_FAMILY_3
ITEM_418,DESCRIPTION_418,5,PRODUCT_FAMILY_1
ITEM_419,DESCRIPTION_419,2,PRODUCT_FAMILY_1
ITEM_420,DESCRIPTION_420,0,PRODUCT_FAMILY_5
ITEM_421,DESCRIPTION_421,0,PRODUCT_FAMILY_2
ITEM_422,DESCRIPTION_422,3,PRODUCT_FAMILY_1
ITEM_423,DESCRIPTION_423,3,PRODUCT_FAMILY_3
ITEM_424,DESCRIPTION_424,5,PRODUCT_FAMILY_1
ITEM_425,DESCRIPTION_425,0,PRODUCT_FAMILY_3
ITEM_426,DESCRIPTION_426,1,PRODUCT_FAMILY_4
ITEM_427,DESCRIPTION_427,3,PRODUCT_FAMILY_5
ITEM_428,DESCRIPTION_428,1,PRODUCT_FAMILY_1
ITEM_429,DESCRIPTION_429,3,PRODUCT_FAMILY_5
ITEM_430,DESCRIPTION_430,5,PRODUCT_FAMILY_2
ITEM_431,DESCRIPTION_431,4,PRODUCT_FAMILY_5
ITEM_432,DESCRIPTION_432,4,PRODUCT_FAMILY_3
ITEM_433,DESCRIPTION_433,3,PRODUCT_FAMILY_3
ITEM_434,DESCRIPTION_434,0,PRODUCT_FAMILY_2
ITEM_435,DESCRIPTION_435,1,PRODUCT_FAMILY_1
ITEM_436,DESCRIPTION_436,4,PRODUCT_FAMILY_5
ITEM_437,DESCRIPTION_437,1,PRODUCT_FAMILY_4
ITEM_438,DESCRIPTION_438,3,PRODUCT_FAMILY_1
ITEM_439,DESCRIPTION_439,0,PRODUCT_FAMILY_4
ITEM_440,DESCRIPTION_440,4,PRODUCT_FAMILY_5
ITEM_441,DESCRIPTION_441,3,PRODUCT_FAMILY_6
ITEM_442,DESCRIPTION_442,3,PRODUCT_FAMILY_3
ITEM_443,DESCRIPTION_443,1,PRODUCT_FAMILY_3
ITEM_444,DESCRIPTION_444,5,PRODUCT_FAMILY_6
ITEM_445,DESCRIPTION_445,5,PRODUCT_FAMILY_2
ITEM_446,DESCRIPTION_446,3,PRODUCT_FAMILY_6
ITEM_447,DESCRIPTION_447,0,PRODUCT_FAMILY_2
ITEM_448,DESCRIPTION_448,5,PRODUCT_FAMILY_1
ITEM_449,DESCRIPTION_449,2,PRODUCT_FAMILY_6
ITEM_450,DESCRIPTION_450,0,PRODUCT_FAMILY_5
ITEM_451,DESCRIPTION_451,2,PRODUCT_FAMILY_5
ITEM_452,DESCRIPTION_452,3,PRODUCT_FAMILY_3
ITEM_453,DESCRIPTION_453,0,PRODUCT_FAMILY_1
ITEM_454,DESCRIPTION_454,1,PRODUCT_FAMILY_4
ITEM_455,DESCRIPTION_455,0,PRODUCT_FAMILY_5
ITEM_456,DESCRIPTION_456,0,PRODUCT_FAMILY_5
ITEM_457,DESCRIPTION_457,5,PRODUCT_FAMILY_4
ITEM_458,DESCRIPTION_458,5,PRODUCT_FAMILY_2
ITEM_459,DESCRIPTION_459,2,PRODUCT_FAMILY_2
ITEM_460,DESCRIPTION_460,4,PRODUCT_FAMILY_4
ITEM_461,DESCRIPTION_461,1,PRODUCT_FAMILY_4
ITEM_462,DESCRIPTION_462,1,PRODUCT_FAMILY_1
ITEM_463,DESCRIPTION_463,3,PRODUCT_FAMILY_5
ITEM_464,DESCRIPTION_464,4,PRODUCT_FAMILY_2
ITEM_465,DESCRIPTION_465,3,PRODUCT_FAMILY_2
ITEM_466,DESCRIPTION_466,1,PRODUCT_FAMILY_2
ITEM_467,DESCRIPTION_467,1,PRODUCT_FAMILY_1
ITEM_468,DESCRIPTION_468,5,PRODUCT_FAMILY_4
ITEM_469,DESCRIPTION_469,5,PRODUCT_FAMILY_6
ITEM_470,DESCRIPTION_470,0,PRODUCT_FAMILY_6
ITEM_471,DESCRIPTION_471,5,PRODUCT_FAMILY_2
ITEM_472,DESCRIPTION_472,4,PRODUCT_FAMILY_3
ITEM_473,DESCRIPTION_473,1,PRODUCT_FAMILY_3
ITEM_474,DESCRIPTION_474,4,PRODUCT_FAMILY_2
ITEM_475,DESCRIPTION_475,3,PRODUCT_FAMILY_1
ITEM_476,DESCRIPTION_476,5,PRODUCT_FAMILY_4
ITEM_477,DESCRIPTION_477,3,PRODUCT_FAMILY_5
ITEM_478,DESCRIPTION_478,1,PRODUCT_FAMILY_5
ITEM_479,DESCRIPTION_479,3,PRODUCT_FAMILY_6
ITEM_480,DESCRIPTION_480,5,PRODUCT_FAMILY_1
ITEM_481,DESCRIPTION_481,5,PRODUCT_FAMILY_1
ITEM_482,DESCRIPTION_482,3,PRODUCT_FAMILY_4
ITEM_483,DESCRIPTION_483,3,PRODUCT_FAMILY_5
ITEM_484,DESCRIPTION_484,2,PRODUCT_FAMILY_3
ITEM_485,DESCRIPTION_485,5,PRODUCT_FAMILY_4
ITEM_486,DESCRIPTION_486,0,PRODUCT_FAMILY_2
ITEM_487,DESCRIPTION_487,0,PRODUCT_FAMILY_1
ITEM_488,DESCRIPTION_488,0,PRODUCT_FAMILY_4
ITEM_489,DESCRIPTION_489,2,PRODUCT_FAMILY_1
ITEM_490,DESCRIPTION_490,3,PRODUCT_FAMILY_4
ITEM_491,DESCRIPTION_491,4,PRODUCT_FAMILY_5
ITEM_492,DESCRIPTION_492,0,PRODUCT_FAMILY_4
ITEM_493,DESCRIPTION_493,2,PRODUCT_FAMILY_4
ITEM_494,DESCRIPTION_494,1,PRODUCT_FAMILY_1
ITEM_495,DESCRIPTION_495,0,PRODUCT_FAMILY_6
ITEM_496,DESCRIPTION_496,2,PRODUCT_FAMILY_1
ITEM_497,DESCRIPTION_497,5,PRODUCT_FAMILY_1
ITEM_498,DESCRIPTION_498,2,PRODUCT_FAMILY_3
ITEM_499,DESCRIPTION_499,0,PRODUCT_FAMILY_5
ITEM_500,DESCRIPTION_500,4,PRODUCT_FAMILY_5
ITEM_501,DESCRIPTION_501,1,PRODUCT_FAMILY_2
ITEM_502,DESCRIPTION_502,1,PRODUCT_FAMILY_1
ITEM_503,DESCRIPTION_503,1,PRODUCT_FAMILY_6
ITEM_504,DESCRIPTION_504,4,PRODUCT_FAMILY_3
ITEM_505,DESCRIPTION_505,0,PRODUCT_FAMILY_3
ITEM_506,DESCRIPTION_506,0,PRODUCT_FAMILY_4
ITEM_507,DESCRIPTION_507,4,PRODUCT_FAMILY_4
ITEM_508,DESCRIPTION_508,3,PRODUCT_FAMILY_3
ITEM_509,DESCRIPTION_509,0,PRODUCT_FAMILY_6
ITEM_510,DESCRIPTION_510,0,PRODUCT_FAMILY_6
ITEM_511,DESCRIPTION_511,4,PRODUCT_FAMILY_5
ITEM_512,DESCRIPTION_512,3,PRODUCT_FAMILY_1
ITEM_513,DESCRIPTION_513,3,PRODUCT_FAMILY_3
ITEM_514,DESCRIPTION_514,3,PRODUCT_FAMILY_2
ITEM_515,DESCRIPTION_515,1,PRODUCT_FAMILY_5
ITEM_516,DESCRIPTION_516,5,PRODUCT_FAMILY_1
ITEM_517,DESCRIPTION_517,0,PRODUCT_FAMILY_4
ITEM_518,DESCRIPTION_518,3,PRODUCT_FAMILY_3
ITEM_519,DESCRIPTION_519,2,PRODUCT_FAMILY_1
ITEM_520,DESCRIPTION_520,0,PRODUCT_FAMILY_6
ITEM_521,DESCRIPTION_521,3,PRODUCT_FAMILY_6
ITEM_522,DESCRIPTION_522,1,PRODUCT_FAMILY_1
ITEM_523,DESCRIPTION_523,2,PRODUCT_FAMILY_5
ITEM_524,DESCRIPTION_524,4,PRODUCT_FAMILY_1
ITEM_525,DESCRIPTION_525,4,PRODUCT_FAMILY_5
ITEM_526,DESCRIPTION_526,5,PRODUCT_FAMILY_2
ITEM_527,DESCRIPTION_527,5,PRODUCT_FAMILY_1
ITEM_528,DESCRIPTION_528,0,PRODUCT_FAMILY_6
ITEM_529,DESCRIPTION_529,5,PRODUCT_FAMILY_3
ITEM_530,DESCRIPTION_530,2,PRODUCT_FAMILY_5
ITEM_531,DESCRIPTION_531,5,PRODUCT_FAMILY_4
ITEM_532,DESCRIPTION_532,4,PRODUCT_FAMILY_2
ITEM_533,DESCRIPTION_533,1,PRODUCT_FAMILY_3
ITEM_534,DESCRIPTION_534,1,PRODUCT_FAMILY_5
ITEM_535,DESCRIPTION_535,3,PRODUCT_FAMILY_2
ITEM_536,DESCRIPTION_536,4,PRODUCT_FAMILY_4
ITEM_537,DESCRIPTION_537,5,PRODUCT_FAMILY_1
ITEM_538,DESCRIPTION_538,0,PRODUCT_FAMILY_5
ITEM_539,DESCRIPTION_539,2,PRODUCT_FAMILY_2
ITEM_540,DESCRIPTION_540,1,PRODUCT_FAMILY_4
ITEM_541,DESCRIPTION_541,1,PRODUCT_FAMILY_5
ITEM_542,DESCRIPTION_542,2,PRODUCT_FAMILY_1
ITEM_543,DESCRIPTION_543,5,PRODUCT_FAMILY_6
ITEM_544,DESCRIPTION_544,2,PRODUCT_FAMILY_1
ITEM_545,DESCRIPTION_545,0,PRODUCT_FAMILY_2
ITEM_546,DESCRIPTION_546,1,PRODUCT_FAMILY_4
ITEM_547,DESCRIPTION_547,3,PRODUCT_FAMILY_3
ITEM_548,DESCRIPTION_548,2,PRODUCT_FAMILY_3
ITEM_549,DESCRIPTION_549,1,PRODUCT_FAMILY_1
ITEM_550,DESCRIPTION_550,3,PRODUCT_FAMILY_1
ITEM_551,DESCRIPTION_551,0,PRODUCT_FAMILY_4
ITEM_552,DESCRIPTION_552,0,PRODUCT_FAMILY_4
ITEM_553,DESCRIPTION_553,3,PRODUCT_FAMILY_5
ITEM_554,DESCRIPTION_554,0,PRODUCT_FAMILY_2
ITEM_555,DESCRIPTION_555,2,PRODUCT_FAMILY_3
ITEM_556,DESCRIPTION_556,5,PRODUCT_FAMILY_4
ITEM_557,DESCRIPTION_557,3,PRODUCT_FAMILY_1
ITEM_558,DESCRIPTION_558,4,PRODUCT_FAMILY_6
ITEM_559,DESCRIPTION_559,1,PRODUCT_FAMILY_2
ITEM_560,DESCRIPTION_560,4,PRODUCT_FAMILY_6
ITEM_561,DESCRIPTION_561,4,PRODUCT_FAMILY_4
ITEM_562,DESCRIPTION_562,1,PRODUCT_FAMILY_2
ITEM_563,DESCRIPTION_563,1,PRODUCT_FAMILY_2
ITEM_564,DESCRIPTION_564,3,PRODUCT_FAMILY_2
ITEM_565,DESCRIPTION_565,2,PRODUCT_FAMILY_1
ITEM_566,DESCRIPTION_566,3,PRODUCT_FAMILY_4
ITEM_567,DESCRIPTION_567,5,PRODUCT_FAMILY_6
ITEM_568,DESCRIPTION_568,4,PRODUCT_FAMILY_2
ITEM_569,DESCRIPTION_569,3,PRODUCT_FAMILY_4
ITEM_570,DESCRIPTION_570,2,PRODUCT_FAMILY_2
ITEM_571,DESCRIPTION_571,4,PRODUCT_FAMILY_5
ITEM_572,DESCRIPTION_572,4,PRODUCT_FAMILY_2
ITEM_573,DESCRIPTION_573,3,PRODUCT_FAMILY_4
ITEM_574,DESCRIPTION_574,0,PRODUCT_FAMILY_6
ITEM_575,DESCRIPTION_575,4,PRODUCT_FAMILY_5
ITEM_576,DESCRIPTION_576,5,PRODUCT_FAMILY_4
ITEM_577,DESCRIPTION_577,1,PRODUCT_FAMILY_1
ITEM_578,DESCRIPTION_578,1,PRODUCT_FAMILY_4
ITEM_579,DESCRIPTION_579,5,PRODUCT_FAMILY_3
ITEM_580,DESCRIPTION_580,1,PRODUCT_FAMILY_1
ITEM_581,DESCRIPTION_581,1,PRODUCT_FAMILY_6
ITEM_582,DESCRIPTION_582,1,PRODUCT_FAMILY_4
ITEM_583,DESCRIPTION_583,4,PRODUCT_FAMILY_1
ITEM_584,DESCRIPTION_584,4,PRODUCT_FAMILY_6
ITEM_585,DESCRIPTION_585,0,PRODUCT_FAMILY_6
ITEM_586,DESCRIPTION_586,4,PRODUCT_FAMILY_5
ITEM_587,DESCRIPTION_587,0,PRODUCT_FAMILY_6
ITEM_588,DESCRIPTION_588,5,PRODUCT_FAMILY_3
ITEM_589,DESCRIPTION_589,3,PRODUCT_FAMILY_4
ITEM_590,DESCRIPTION_590,4,PRODUCT_FAMILY_3
ITEM_591,DESCRIPTION_591,3,PRODUCT_FAMILY_2
ITEM_592,DESCRIPTION_592,3,PRODUCT_FAMILY_3
ITEM_593,DESCRIPTION_593,2,PRODUCT_FAMILY_2
ITEM_594,DESCRIPTION_594,4,PRODUCT_FAMILY_2
ITEM_595,DESCRIPTION_595,5,PRODUCT_FAMILY_3
ITEM_596,DESCRIPTION_596,4,PRODUCT_FAMILY_2
ITEM_597,DESCRIPTION_597,1,PRODUCT_FAMILY_1
ITEM_598,DESCRIPTION_598,4,PRODUCT_FAMILY_5
ITEM_599,DESCRIPTION_599,0,PRODUCT_FAMILY_2
ITEM_600,DESCRIPTION_600,1,PRODUCT_FAMILY_2
ITEM_601,DESCRIPTION_601,1,PRODUCT_FAMILY_5
ITEM_602,DESCRIPTION_602,4,PRODUCT_FAMILY_6
ITEM_603,DESCRIPTION_603,5,PRODUCT_FAMILY_2
ITEM_604,DESCRIPTION_604,3,PRODUCT_FAMILY_5
ITEM_605,DESCRIPTION_605,0,PRODUCT_FAMILY_3
ITEM_606,DESCRIPTION_606,4,PRODUCT_FAMILY_4
ITEM_607,DESCRIPTION_607,3,PRODUCT_FAMILY_6
ITEM_608,DESCRIPTION_608,1,PRODUCT_FAMILY_3
ITEM_609,DESCRIPTION_609,1,PRODUCT_FAMILY_5
ITEM_610,DESCRIPTION_610,0,PRODUCT_FAMILY_5
ITEM_611,DESCRIPTION_611,5,PRODUCT_FAMILY_6
ITEM_612,DESCRIPTION_612,1,PRODUCT_FAMILY_2
ITEM_613,DESCRIPTION_613,2,PRODUCT_FAMILY_2
ITEM_614,DESCRIPTION_614,3,PRODUCT_FAMILY_3
ITEM_615,DESCRIPTION_615,1,PRODUCT_FAMILY_6
ITEM_616,DESCRIPTION_616,0,PRODUCT_FAMILY_4
ITEM_617,DESCRIPTION_617,2,PRODUCT_FAMILY_1
ITEM_618,DESCRIPTION_618,3,PRODUCT_FAMILY_1
ITEM_619,DESCRIPTION_619,3,PRODUCT_FAMILY_6
ITEM_620,DESCRIPTION_620,0,PRODUCT_FAMILY_2
ITEM_621,DESCRIPTION_621,0,PRODUCT_FAMILY_3
ITEM_622,DESCRIPTION_622,3,PRODUCT_FAMILY_2
ITEM_623,DESCRIPTION_623,5,PRODUCT_FAMILY_6
ITEM_624,DESCRIPTION_624,0,PRODUCT_FAMILY_4
ITEM_625,DESCRIPTION_625,5,PRODUCT_FAMILY_4
ITEM_626,DESCRIPTION_626,2,PRODUCT_FAMILY_2
ITEM_627,DESCRIPTION_627,5,PRODUCT_FAMILY_5
ITEM_628,DESCRIPTION_628,1,PRODUCT_FAMILY_4
ITEM_629,DESCRIPTION_629,4,PRODUCT_FAMILY_6
ITEM_630,DESCRIPTION_630,1,PRODUCT_FAMILY_2
ITEM_631,DESCRIPTION_631,3,PRODUCT_FAMILY_6
ITEM_632,DESCRIPTION_632,4,PRODUCT_FAMILY_4
ITEM_633,DESCRIPTION_633,1,PRODUCT_FAMILY_2
ITEM_634,DESCRIPTION_634,2,PRODUCT_FAMILY_6
ITEM_635,DESCRIPTION_635,3,PRODUCT_FAMILY_5
ITEM_636,DESCRIPTION_636,2,PRODUCT_FAMILY_2
ITEM_637,DESCRIPTION_637,4,PRODUCT_FAMILY_3
ITEM_638,DESCRIPTION_638,2,PRODUCT_FAMILY_2
ITEM_639,DESCRIPTION_639,2,PRODUCT_FAMILY_1
ITEM_640,DESCRIPTION_640,0,PRODUCT_FAMILY_3
ITEM_641,DESCRIPTION_641,1,PRODUCT_FAMILY_1
ITEM_642,DESCRIPTION_642,0,PRODUCT_FAMILY_5
ITEM_643,DESCRIPTION_643,1,PRODUCT_FAMILY_5
ITEM_644,DESCRIPTION_644,3,PRODUCT_FAMILY_2
ITEM_645,DESCRIPTION_645,3,PRODUCT_FAMILY_6
ITEM_646,DESCRIPTION_646,2,PRODUCT_FAMILY_4
ITEM_647,DESCRIPTION_647,4,PRODUCT_FAMILY_1
ITEM_648,DESCRIPTION_648,5,PRODUCT_FAMILY_4
ITEM_649,DESCRIPTION_649,1,PRODUCT_FAMILY_1
ITEM_650,DESCRIPTION_650,5,PRODUCT_FAMILY_1
ITEM_651,DESCRIPTION_651,2,PRODUCT_FAMILY_5
ITEM_652,DESCRIPTION_652,4,PRODUCT_FAMILY_2
ITEM_653,DESCRIPTION_653,0,PRODUCT_FAMILY_3
ITEM_654,DESCRIPTION_654,5,PRODUCT_FAMILY_5
ITEM_655,DESCRIPTION_655,1,PRODUCT_FAMILY_5
ITEM_656,DESCRIPTION_656,5,PRODUCT_FAMILY_5
ITEM_657,DESCRIPTION_657,3,PRODUCT_FAMILY_4
ITEM_658,DESCRIPTION_658,5,PRODUCT_FAMILY_2
ITEM_659,DESCRIPTION_659,0,PRODUCT_FAMILY_5
ITEM_660,DESCRIPTION_660,4,PRODUCT_FAMILY_5
ITEM_661,DESCRIPTION_661,4,PRODUCT_FAMILY_2
ITEM_662,DESCRIPTION_662,0,PRODUCT_FAMILY_6
ITEM_663,DESCRIPTION_663,4,PRODUCT_FAMILY_6
ITEM_664,DESCRIPTION_664,5,PRODUCT_FAMILY_5
ITEM_665,DESCRIPTION_665,2,PRODUCT_FAMILY_4
ITEM_666,DESCRIPTION_666,3,PRODUCT_FAMILY_4
ITEM_667,DESCRIPTION_667,4,PRODUCT_FAMILY_4
ITEM_668,DESCRIPTION_668,2,PRODUCT_FAMILY_3
ITEM_669,DESCRIPTION_669,3,PRODUCT_FAMILY_2
ITEM_670,DESCRIPTION_670,0,PRODUCT_FAMILY_3
ITEM_671,DESCRIPTION_671,1,PRODUCT_FAMILY_1
ITEM_672,DESCRIPTION_672,1,PRODUCT_FAMILY_6
ITEM_673,DESCRIPTION_673,2,PRODUCT_FAMILY_3
ITEM_674,DESCRIPTION_674,2,PRODUCT_FAMILY_1
ITEM_675,DESCRIPTION_675,0,PRODUCT_FAMILY_2
ITEM_676,DESCRIPTION_676,4,PRODUCT_FAMILY_3
ITEM_677,DESCRIPTION_677,5,PRODUCT_FAMILY_1
ITEM_678,DESCRIPTION_678,1,PRODUCT_FAMILY_6
ITEM_679,DESCRIPTION_679,4,PRODUCT_FAMILY_4
ITEM_680,DESCRIPTION_680,4,PRODUCT_FAMILY_1
ITEM_681,DESCRIPTION_681,0,PRODUCT_FAMILY_5
ITEM_682,DESCRIPTION_682,0,PRODUCT_FAMILY_2
ITEM_683,DESCRIPTION_683,2,PRODUCT_FAMILY_6
ITEM_684,DESCRIPTION_684,2,PRODUCT_FAMILY_6
ITEM_685,DESCRIPTION_685,0,PRODUCT_FAMILY_2
ITEM_686,DESCRIPTION_686,0,PRODUCT_FAMILY_2
ITEM_687,DESCRIPTION_687,0,PRODUCT_FAMILY_6
ITEM_688,DESCRIPTION_688,5,PRODUCT_FAMILY_5
ITEM_689,DESCRIPTION_689,2,PRODUCT_FAMILY_4
ITEM_690,DESCRIPTION_690,2,PRODUCT_FAMILY_4
ITEM_691,DESCRIPTION_691,0,PRODUCT_FAMILY_2
ITEM_692,DESCRIPTION_692,1,PRODUCT_FAMILY_5
ITEM_693,DESCRIPTION_693,2,PRODUCT_FAMILY_1
ITEM_694,DESCRIPTION_694,3,PRODUCT_FAMILY_3
ITEM_695,DESCRIPTION_695,5,PRODUCT_FAMILY_3
ITEM_696,DESCRIPTION_696,3,PRODUCT_FAMILY_3
ITEM_697,DESCRIPTION_697,5,PRODUCT_FAMILY_5
ITEM_698,DESCRIPTION_698,2,PRODUCT_FAMILY_5
ITEM_699,DESCRIPTION_699,2,PRODUCT_FAMILY_1
ITEM_700,DESCRIPTION_700,1,PRODUCT_FAMILY_2
ITEM_701,DESCRIPTION_701,5,PRODUCT_FAMILY_4
ITEM_702,DESCRIPTION_702,2,PRODUCT_FAMILY_2
ITEM_703,DESCRIPTION_703,4,PRODUCT_FAMILY_6
ITEM_704,DESCRIPTION_704,4,PRODUCT_FAMILY_5
ITEM_705,DESCRIPTION_705,5,PRODUCT_FAMILY_3
ITEM_706,DESCRIPTION_706,1,PRODUCT_FAMILY_1
ITEM_707,DESCRIPTION_707,2,PRODUCT_FAMILY_6
ITEM_708,DESCRIPTION_708,3,PRODUCT_FAMILY_2
ITEM_709,DESCRIPTION_709,2,PRODUCT_FAMILY_3
ITEM_710,DESCRIPTION_710,5,PRODUCT_FAMILY_1
ITEM_711,DESCRIPTION_711,3,PRODUCT_FAMILY_6
ITEM_712,DESCRIPTION_712,0,PRODUCT_FAMILY_4
ITEM_713,DESCRIPTION_713,1,PRODUCT_FAMILY_4
ITEM_714,DESCRIPTION_714,5,PRODUCT_FAMILY_4
ITEM_715,DESCRIPTION_715,3,PRODUCT_FAMILY_4
ITEM_716,DESCRIPTION_716,3,PRODUCT_FAMILY_5
ITEM_717,DESCRIPTION_717,5,PRODUCT_FAMILY_1
ITEM_718,DESCRIPTION_718,0,PRODUCT_FAMILY_1
ITEM_719,DESCRIPTION_719,5,PRODUCT_FAMILY_2
ITEM_720,DESCRIPTION_720,2,PRODUCT_FAMILY_6
ITEM_721,DESCRIPTION_721,2,PRODUCT_FAMILY_6
ITEM_722,DESCRIPTION_722,4,PRODUCT_FAMILY_1
ITEM_723,DESCRIPTION_723,1,PRODUCT_FAMILY_3
ITEM_724,DESCRIPTION_724,0,PRODUCT_FAMILY_5
ITEM_725,DESCRIPTION_725,3,PRODUCT_FAMILY_4
ITEM_726,DESCRIPTION_726,0,PRODUCT_FAMILY_2
ITEM_727,DESCRIPTION_727,0,PRODUCT_FAMILY_4
ITEM_728,DESCRIPTION_728,4,PRODUCT_FAMILY_1
ITEM_729,DESCRIPTION_729,1,PRODUCT_FAMILY_4
ITEM_730,DESCRIPTION_730,1,PRODUCT_FAMILY_6
ITEM_731,DESCRIPTION_731,3,PRODUCT_FAMILY_5
ITEM_732,DESCRIPTION_732,5,PRODUCT_FAMILY_5
ITEM_733,DESCRIPTION_733,4,PRODUCT_FAMILY_3
ITEM_734,DESCRIPTION_734,3,PRODUCT_FAMILY_2
ITEM_735,DESCRIPTION_735,0,PRODUCT_FAMILY_6
ITEM_736,DESCRIPTION_736,2,PRODUCT_FAMILY_5
ITEM_737,DESCRIPTION_737,5,PRODUCT_FAMILY_2
ITEM_738,DESCRIPTION_738,4,PRODUCT_FAMILY_5
ITEM_739,DESCRIPTION_739,1,PRODUCT_FAMILY_3
ITEM_740,DESCRIPTION_740,1,PRODUCT_FAMILY_5
ITEM_741,DESCRIPTION_741,1,PRODUCT_FAMILY_1
ITEM_742,DESCRIPTION_742,0,PRODUCT_FAMILY_4
ITEM_743,DESCRIPTION_743,0,PRODUCT_FAMILY_3
ITEM_744,DESCRIPTION_744,3,PRODUCT_FAMILY_5
ITEM_745,DESCRIPTION_745,3,PRODUCT_FAMILY_6
ITEM_746,DESCRIPTION_746,1,PRODUCT_FAMILY_4
ITEM_747,DESCRIPTION_747,2,PRODUCT_FAMILY_5
ITEM_748,DESCRIPTION_748,3,PRODUCT_FAMILY_3
ITEM_749,DESCRIPTION_749,0,PRODUCT_FAMILY_5
ITEM_750,DESCRIPTION_750,3,PRODUCT_FAMILY_2
ITEM_751,DESCRIPTION_751,0,PRODUCT_FAMILY_1
ITEM_752,DESCRIPTION_752,3,PRODUCT_FAMILY_2
ITEM_753,DESCRIPTION_753,1,PRODUCT_FAMILY_5
ITEM_754,DESCRIPTION_754,3,PRODUCT_FAMILY_5
ITEM_755,DESCRIPTION_755,2,PRODUCT_FAMILY_5
ITEM_756,DESCRIPTION_756,0,PRODUCT_FAMILY_6
ITEM_757,DESCRIPTION_757,5,PRODUCT_FAMILY_2
ITEM_758,DESCRIPTION_758,0,PRODUCT_FAMILY_5
ITEM_759,DESCRIPTION_759,4,PRODUCT_FAMILY_2
ITEM_760,DESCRIPTION_760,2,PRODUCT_FAMILY_4
ITEM_761,DESCRIPTION_761,4,PRODUCT_FAMILY_3
ITEM_762,DESCRIPTION_762,1,PRODUCT_FAMILY_5
ITEM_763,DESCRIPTION_763,2,PRODUCT_FAMILY_4
ITEM_764,DESCRIPTION_764,3,PRODUCT_FAMILY_6
ITEM_765,DESCRIPTION_765,2,PRODUCT_FAMILY_6
ITEM_766,DESCRIPTION_766,5,PRODUCT_FAMILY_5
ITEM_767,DESCRIPTION_767,0,PRODUCT_FAMILY_1
ITEM_768,DESCRIPTION_768,4,PRODUCT_FAMILY_4
ITEM_769,DESCRIPTION_769,2,PRODUCT_FAMILY_6
ITEM_770,DESCRIPTION_770,5,PRODUCT_FAMILY_2
ITEM_771,DESCRIPTION_771,4,PRODUCT_FAMILY_1
ITEM_772,DESCRIPTION_772,1,PRODUCT_FAMILY_3
ITEM_773,DESCRIPTION_773,0,PRODUCT_FAMILY_3
ITEM_774,DESCRIPTION_774,5,PRODUCT_FAMILY_5
ITEM_775,DESCRIPTION_775,0,PRODUCT_FAMILY_6
ITEM_776,DESCRIPTION_776,4,PRODUCT_FAMILY_6
ITEM_777,DESCRIPTION_777,1,PRODUCT_FAMILY_5
ITEM_778,DESCRIPTION_778,4,PRODUCT_FAMILY_4
ITEM_779,DESCRIPTION_779,4,PRODUCT_FAMILY_4
ITEM_780,DESCRIPTION_780,0,PRODUCT_FAMILY_4
ITEM_781,DESCRIPTION_781,5,PRODUCT_FAMILY_6
ITEM_782,DESCRIPTION_782,3,PRODUCT_FAMILY_3
ITEM_783,DESCRIPTION_783,0,PRODUCT_FAMILY_5
ITEM_784,DESCRIPTION_784,2,PRODUCT_FAMILY_4
ITEM_785,DESCRIPTION_785,0,PRODUCT_FAMILY_6
ITEM_786,DESCRIPTION_786,4,PRODUCT_FAMILY_6
ITEM_787,DESCRIPTION_787,4,PRODUCT_FAMILY_1
ITEM_788,DESCRIPTION_788,0,PRODUCT_FAMILY_4
ITEM_789,DESCRIPTION_789,0,PRODUCT_FAMILY_1
ITEM_790,DESCRIPTION_790,5,PRODUCT_FAMILY_5
ITEM_791,DESCRIPTION_791,4,PRODUCT_FAMILY_6
ITEM_792,DESCRIPTION_792,1,PRODUCT_FAMILY_3
ITEM_793,DESCRIPTION_793,5,PRODUCT_FAMILY_4
ITEM_794,DESCRIPTION_794,4,PRODUCT_FAMILY_5
ITEM_795,DESCRIPTION_795,5,PRODUCT_FAMILY_6
ITEM_796,DESCRIPTION_796,5,PRODUCT_FAMILY_4
ITEM_797,DESCRIPTION_797,2,PRODUCT_FAMILY_6
ITEM_798,DESCRIPTION_798,3,PRODUCT_FAMILY_4
ITEM_799,DESCRIPTION_799,0,PRODUCT_FAMILY_1
ITEM_800,DESCRIPTION_800,0,PRODUCT_FAMILY_5
ITEM_801,DESCRIPTION_801,0,PRODUCT_FAMILY_3
ITEM_802,DESCRIPTION_802,4,PRODUCT_FAMILY_4
ITEM_803,DESCRIPTION_803,4,PRODUCT_FAMILY_6
ITEM_804,DESCRIPTION_804,2,PRODUCT_FAMILY_1
ITEM_805,DESCRIPTION_805,2,PRODUCT_FAMILY_6
ITEM_806,DESCRIPTION_806,5,PRODUCT_FAMILY_3
ITEM_807,DESCRIPTION_807,3,PRODUCT_FAMILY_6
ITEM_808,DESCRIPTION_808,3,PRODUCT_FAMILY_6
ITEM_809,DESCRIPTION_809,0,PRODUCT_FAMILY_5
ITEM_810,DESCRIPTION_810,4,PRODUCT_FAMILY_6
ITEM_811,DESCRIPTION_811,2,PRODUCT_FAMILY_5
ITEM_812,DESCRIPTION_812,3,PRODUCT_FAMILY_3
ITEM_813,DESCRIPTION_813,3,PRODUCT_FAMILY_2
ITEM_814,DESCRIPTION_814,1,PRODUCT_FAMILY_2
ITEM_815,DESCRIPTION_815,1,PRODUCT_FAMILY_4
ITEM_816,DESCRIPTION_816,3,PRODUCT_FAMILY_4
ITEM_817,DESCRIPTION_817,1,PRODUCT_FAMILY_5
ITEM_818,DESCRIPTION_818,3,PRODUCT_FAMILY_6
ITEM_819,DESCRIPTION_819,0,PRODUCT_FAMILY_6
ITEM_820,DESCRIPTION_820,4,PRODUCT_FAMILY_6
ITEM_821,DESCRIPTION_821,2,PRODUCT_FAMILY_5
ITEM_822,DESCRIPTION_822,1,PRODUCT_FAMILY_3
ITEM_823,DESCRIPTION_823,5,PRODUCT_FAMILY_3
ITEM_824,DESCRIPTION_824,0,PRODUCT_FAMILY_3
ITEM_825,DESCRIPTION_825,4,PRODUCT_FAMILY_1
ITEM_826,DESCRIPTION_826,5,PRODUCT_FAMILY_2
ITEM_827,DESCRIPTION_827,1,PRODUCT_FAMILY_3
ITEM_828,DESCRIPTION_828,1,PRODUCT_FAMILY_6
ITEM_829,DESCRIPTION_829,5,PRODUCT_FAMILY_4
ITEM_830,DESCRIPTION_830,0,PRODUCT_FAMILY_1
ITEM_831,DESCRIPTION_831,4,PRODUCT_FAMILY_1
ITEM_832,DESCRIPTION_832,0,PRODUCT_FAMILY_3
ITEM_833,DESCRIPTION_833,2,PRODUCT_FAMILY_5
ITEM_834,DESCRIPTION_834,4,PRODUCT_FAMILY_3
ITEM_835,DESCRIPTION_835,5,PRODUCT_FAMILY_4
ITEM_836,DESCRIPTION_836,3,PRODUCT_FAMILY_6
ITEM_837,DESCRIPTION_837,2,PRODUCT_FAMILY_1
ITEM_838,DESCRIPTION_838,5,PRODUCT_FAMILY_4
ITEM_839,DESCRIPTION_839,2,PRODUCT_FAMILY_4
ITEM_840,DESCRIPTION_840,4,PRODUCT_FAMILY_4
ITEM_841,DESCRIPTION_841,1,PRODUCT_FAMILY_3
ITEM_842,DESCRIPTION_842,1,PRODUCT_FAMILY_5
ITEM_843,DESCRIPTION_843,3,PRODUCT_FAMILY_1
ITEM_844,DESCRIPTION_844,5,PRODUCT_FAMILY_1
ITEM_845,DESCRIPTION_845,3,PRODUCT_FAMILY_5
ITEM_846,DESCRIPTION_846,5,PRODUCT_FAMILY_6
ITEM_847,DESCRIPTION_847,1,PRODUCT_FAMILY_6
ITEM_848,DESCRIPTION_848,5,PRODUCT_FAMILY_4
ITEM_849,DESCRIPTION_849,4,PRODUCT_FAMILY_1
ITEM_850,DESCRIPTION_850,3,PRODUCT_FAMILY_5
ITEM_851,DESCRIPTION_851,5,PRODUCT_FAMILY_1
ITEM_852,DESCRIPTION_852,5,PRODUCT_FAMILY_5
ITEM_853,DESCRIPTION_853,4,PRODUCT_FAMILY_5
ITEM_854,DESCRIPTION_854,3,PRODUCT_FAMILY_5
ITEM_855,DESCRIPTION_855,1,PRODUCT_FAMILY_3
ITEM_856,DESCRIPTION_856,5,PRODUCT_FAMILY_2
ITEM_857,DESCRIPTION_857,3,PRODUCT_FAMILY_1
ITEM_858,DESCRIPTION_858,1,PRODUCT_FAMILY_5
ITEM_859,DESCRIPTION_859,4,PRODUCT_FAMILY_4
ITEM_860,DESCRIPTION_860,3,PRODUCT_FAMILY_4
ITEM_861,DESCRIPTION_861,1,PRODUCT_FAMILY_4
ITEM_862,DESCRIPTION_862,5,PRODUCT_FAMILY_1
ITEM_863,DESCRIPTION_863,1,PRODUCT_FAMILY_1
ITEM_864,DESCRIPTION_864,3,PRODUCT_FAMILY_2
ITEM_865,DESCRIPTION_865,2,PRODUCT_FAMILY_4
ITEM_866,DESCRIPTION_866,4,PRODUCT_FAMILY_2
ITEM_867,DESCRIPTION_867,5,PRODUCT_FAMILY_2
ITEM_868,DESCRIPTION_868,0,PRODUCT_FAMILY_4
ITEM_869,DESCRIPTION_869,4,PRODUCT_FAMILY_1
ITEM_870,DESCRIPTION_870,3,PRODUCT_FAMILY_6
ITEM_871,DESCRIPTION_871,3,PRODUCT_FAMILY_5
ITEM_872,DESCRIPTION_872,0,PRODUCT_FAMILY_6
ITEM_873,DESCRIPTION_873,5,PRODUCT_FAMILY_5
ITEM_874,DESCRIPTION_874,0,PRODUCT_FAMILY_5
ITEM_875,DESCRIPTION_875,2,PRODUCT_FAMILY_3
ITEM_876,DESCRIPTION_876,5,PRODUCT_FAMILY_6
ITEM_877,DESCRIPTION_877,1,PRODUCT_FAMILY_4
ITEM_878,DESCRIPTION_878,0,PRODUCT_FAMILY_4
ITEM_879,DESCRIPTION_879,2,PRODUCT_FAMILY_2
ITEM_880,DESCRIPTION_880,3,PRODUCT_FAMILY_2
ITEM_881,DESCRIPTION_881,1,PRODUCT_FAMILY_2
ITEM_882,DESCRIPTION_882,2,PRODUCT_FAMILY_1
ITEM_883,DESCRIPTION_883,0,PRODUCT_FAMILY_3
ITEM_884,DESCRIPTION_884,4,PRODUCT_FAMILY_2
ITEM_885,DESCRIPTION_885,5,PRODUCT_FAMILY_6
ITEM_886,DESCRIPTION_886,5,PRODUCT_FAMILY_6
ITEM_887,DESCRIPTION_887,0,PRODUCT_FAMILY_3
ITEM_888,DESCRIPTION_888,0,PRODUCT_FAMILY_6
ITEM_889,DESCRIPTION_889,4,PRODUCT_FAMILY_4
ITEM_890,DESCRIPTION_890,3,PRODUCT_FAMILY_3
ITEM_891,DESCRIPTION_891,3,PRODUCT_FAMILY_1
ITEM_892,DESCRIPTION_892,3,PRODUCT_FAMILY_6
ITEM_893,DESCRIPTION_893,3,PRODUCT_FAMILY_1
ITEM_894,DESCRIPTION_894,1,PRODUCT_FAMILY_5
ITEM_895,DESCRIPTION_895,4,PRODUCT_FAMILY_2
ITEM_896,DESCRIPTION_896,1,PRODUCT_FAMILY_2
ITEM_897,DESCRIPTION_897,5,PRODUCT_FAMILY_3
ITEM_898,DESCRIPTION_898,2,PRODUCT_FAMILY_3
ITEM_899,DESCRIPTION_899,1,PRODUCT_FAMILY_3
ITEM_900,DESCRIPTION_900,1,PRODUCT_FAMILY_5
ITEM_901,DESCRIPTION_901,0,PRODUCT_FAMILY_3
ITEM_902,DESCRIPTION_902,1,PRODUCT_FAMILY_6
ITEM_903,DESCRIPTION_903,4,PRODUCT_FAMILY_2
ITEM_904,DESCRIPTION_904,2,PRODUCT_FAMILY_1
ITEM_905,DESCRIPTION_905,3,PRODUCT_FAMILY_1
ITEM_906,DESCRIPTION_906,3,PRODUCT_FAMILY_3
ITEM_907,DESCRIPTION_907,2,PRODUCT_FAMILY_3
ITEM_908,DESCRIPTION_908,0,PRODUCT_FAMILY_2
ITEM_909,DESCRIPTION_909,3,PRODUCT_FAMILY_2
ITEM_910,DESCRIPTION_910,5,PRODUCT_FAMILY_2
ITEM_911,DESCRIPTION_911,1,PRODUCT_FAMILY_2
ITEM_912,DESCRIPTION_912,4,PRODUCT_FAMILY_4
ITEM_913,DESCRIPTION_913,2,PRODUCT_FAMILY_2
ITEM_914,DESCRIPTION_914,3,PRODUCT_FAMILY_6
ITEM_915,DESCRIPTION_915,1,PRODUCT_FAMILY_2
ITEM_916,DESCRIPTION_916,3,PRODUCT_FAMILY_6
ITEM_917,DESCRIPTION_917,3,PRODUCT_FAMILY_4
ITEM_918,DESCRIPTION_918,2,PRODUCT_FAMILY_6
ITEM_919,DESCRIPTION_919,3,PRODUCT_FAMILY_4
ITEM_920,DESCRIPTION_920,0,PRODUCT_FAMILY_2
ITEM_921,DESCRIPTION_921,4,PRODUCT_FAMILY_5
ITEM_922,DESCRIPTION_922,0,PRODUCT_FAMILY_1
ITEM_923,DESCRIPTION_923,5,PRODUCT_FAMILY_1
ITEM_924,DESCRIPTION_924,2,PRODUCT_FAMILY_5
ITEM_925,DESCRIPTION_925,0,PRODUCT_FAMILY_2
ITEM_926,DESCRIPTION_926,5,PRODUCT_FAMILY_4
ITEM_927,DESCRIPTION_927,2,PRODUCT_FAMILY_4
ITEM_928,DESCRIPTION_928,2,PRODUCT_FAMILY_4
ITEM_929,DESCRIPTION_929,2,PRODUCT_FAMILY_4
ITEM_930,DESCRIPTION_930,3,PRODUCT_FAMILY_1
ITEM_931,DESCRIPTION_931,0,PRODUCT_FAMILY_6
ITEM_932,DESCRIPTION_932,2,PRODUCT_FAMILY_6
ITEM_933,DESCRIPTION_933,2,PRODUCT_FAMILY_1
ITEM_934,DESCRIPTION_934,1,PRODUCT_FAMILY_3
ITEM_935,DESCRIPTION_935,4,PRODUCT_FAMILY_5
ITEM_936,DESCRIPTION_936,0,PRODUCT_FAMILY_4
ITEM_937,DESCRIPTION_937,1,PRODUCT_FAMILY_3
ITEM_938,DESCRIPTION_938,2,PRODUCT_FAMILY_4
ITEM_939,DESCRIPTION_939,1,PRODUCT_FAMILY_6
ITEM_940,DESCRIPTION_940,1,PRODUCT_FAMILY_2
ITEM_941,DESCRIPTION_941,4,PRODUCT_FAMILY_2
ITEM_942,DESCRIPTION_942,0,PRODUCT_FAMILY_3
ITEM_943,DESCRIPTION_943,5,PRODUCT_FAMILY_1
ITEM_944,DESCRIPTION_944,0,PRODUCT_FAMILY_2
ITEM_945,DESCRIPTION_945,3,PRODUCT_FAMILY_5
ITEM_946,DESCRIPTION_946,3,PRODUCT_FAMILY_5
ITEM_947,DESCRIPTION_947,5,PRODUCT_FAMILY_2
ITEM_948,DESCRIPTION_948,4,PRODUCT_FAMILY_3
ITEM_949,DESCRIPTION_949,2,PRODUCT_FAMILY_2
ITEM_950,DESCRIPTION_950,2,PRODUCT_FAMILY_2
ITEM_951,DESCRIPTION_951,0,PRODUCT_FAMILY_3
ITEM_952,DESCRIPTION_952,0,PRODUCT_FAMILY_6
ITEM_953,DESCRIPTION_953,1,PRODUCT_FAMILY_4
ITEM_954,DESCRIPTION_954,4,PRODUCT_FAMILY_4
ITEM_955,DESCRIPTION_955,3,PRODUCT_FAMILY_1
ITEM_956,DESCRIPTION_956,3,PRODUCT_FAMILY_1
ITEM_957,DESCRIPTION_957,5,PRODUCT_FAMILY_5
ITEM_958,DESCRIPTION_958,2,PRODUCT_FAMILY_6
ITEM_959,DESCRIPTION_959,4,PRODUCT_FAMILY_5
ITEM_960,DESCRIPTION_960,0,PRODUCT_FAMILY_1
ITEM_961,DESCRIPTION_961,1,PRODUCT_FAMILY_3
ITEM_962,DESCRIPTION_962,5,PRODUCT_FAMILY_4
ITEM_963,DESCRIPTION_963,4,PRODUCT_FAMILY_2
ITEM_964,DESCRIPTION_964,4,PRODUCT_FAMILY_1
ITEM_965,DESCRIPTION_965,3,PRODUCT_FAMILY_3
ITEM_966,DESCRIPTION_966,2,PRODUCT_FAMILY_6
ITEM_967,DESCRIPTION_967,3,PRODUCT_FAMILY_6
ITEM_968,DESCRIPTION_968,1,PRODUCT_FAMILY_3
ITEM_969,DESCRIPTION_969,3,PRODUCT_FAMILY_6
ITEM_970,DESCRIPTION_970,5,PRODUCT_FAMILY_3
ITEM_971,DESCRIPTION_971,1,PRODUCT_FAMILY_4
ITEM_972,DESCRIPTION_972,1,PRODUCT_FAMILY_6
ITEM_973,DESCRIPTION_973,5,PRODUCT_FAMILY_1
ITEM_974,DESCRIPTION_974,5,PRODUCT_FAMILY_6
ITEM_975,DESCRIPTION_975,0,PRODUCT_FAMILY_1
ITEM_976,DESCRIPTION_976,2,PRODUCT_FAMILY_1
ITEM_977,DESCRIPTION_977,3,PRODUCT_FAMILY_2
ITEM_978,DESCRIPTION_978,3,PRODUCT_FAMILY_2
ITEM_979,DESCRIPTION_979,1,PRODUCT_FAMILY_6
ITEM_980,DESCRIPTION_980,5,PRODUCT_FAMILY_3
ITEM_981,DESCRIPTION_981,0,PRODUCT_FAMILY_5
ITEM_982,DESCRIPTION_982,1,PRODUCT_FAMILY_5
ITEM_983,DESCRIPTION_983,3,PRODUCT_FAMILY_2
ITEM_984,DESCRIPTION_984,2,PRODUCT_FAMILY_4
ITEM_985,DESCRIPTION_985,3,PRODUCT_FAMILY_4
ITEM_986,DESCRIPTION_986,5,PRODUCT_FAMILY_2
ITEM_987,DESCRIPTION_987,1,PRODUCT_FAMILY_3
ITEM_988,DESCRIPTION_988,2,PRODUCT_FAMILY_2
ITEM_989,DESCRIPTION_989,5,PRODUCT_FAMILY_3
ITEM_990,DESCRIPTION_990,1,PRODUCT_FAMILY_1
ITEM_991,DESCRIPTION_991,1,PRODUCT_FAMILY_2
ITEM_992,DESCRIPTION_992,1,PRODUCT_FAMILY_6
ITEM_993,DESCRIPTION_993,5,PRODUCT_FAMILY_1
ITEM_994,DESCRIPTION_994,5,PRODUCT_FAMILY_1
ITEM_995,DESCRIPTION_995,3,PRODUCT_FAMILY_4
ITEM_996,DESCRIPTION_996,2,PRODUCT_FAMILY_2
ITEM_997,DESCRIPTION_997,4,PRODUCT_FAMILY_4
ITEM_998,DESCRIPTION_998,5,PRODUCT_FAMILY_3
ITEM_999,DESCRIPTION_999,5,PRODUCT_FAMILY_1
ITEM_1000,DESCRIPTION_1000,4,PRODUCT_FAMILY_4
